{
    "engcal": [
        0.2869440448558773,
        0.18264265530471044,
        3.5114918390101805e-08
    ],
    "effcal": [
        0.04823452177245572,
        94.16967506775491,
        2.108709112871129,
        1.9323305101247172,
        0.38021017466159224
    ],
    "unc_effcal": [
        [
            7.149358247724953e-06,
            141409.6000504689,
            0.00026231473778072625,
            0.0005183410924557144,
            -0.00019920313042373207
        ],
        [
            141409.6000504689,
            5.918250465199969e+18,
            18580526.672678977,
            21755183.532731317,
            -6190141.46970286
        ],
        [
            0.0002623147377807262,
            18580526.672678977,
            0.02520188022919084,
            0.03623382702134977,
            -0.01077126630190598
        ],
        [
            0.0005183410924557144,
            21755183.532731317,
            0.03623382702134977,
            0.06013922308167212,
            -0.019339923347695662
        ],
        [
            -0.00019920313042373205,
            -6190141.46970286,
            -0.010771266301905976,
            -0.019339923347695662,
            0.006665024187610911
        ]
    ],
    "rescal": [
        2.286027094176888,
        0.0003610170965444702
    ],
    "_calib_data": {
        "engcal": {
            "channel": [
                664.4574386895918,
                1338.6072637913373,
                1376.1301159708994,
                1482.241941753651,
                1618.309413556511,
                1775.3471048584936,
                1800.8909188108328,
                1882.7112287129942,
                2010.426796317212,
                2248.1386707082074,
                2275.4329037604025,
                2428.009560579748,
                2427.7795456247745,
                2672.6475690926045,
                2753.66172967781,
                3084.055989612884,
                3097.4043042700027,
                3205.9156169098064,
                3590.3394442363597,
                3689.865061049199,
                3711.203175304992,
                3765.9653000476446,
                3933.659023383688,
                4182.835330626012,
                4259.439550167944,
                4431.786228116256,
                4602.08038645586,
                4742.980473716332,
                5027.283296437713,
                5064.723509098273,
                5266.387345468833,
                5271.379057450861,
                5494.125660150684,
                5936.480771182208,
                5957.848623752577,
                6065.635399999999,
                6079.901530720715,
                6630.962826161946,
                6833.723195198227,
                7067.812774990973,
                7102.26422164864,
                7697.4594250576765,
                7970.777799999999,
                8356.008799999998
            ],
            "energy": [
                121.7817,
                244.6974,
                251.633,
                271.08,
                295.9387,
                324.83,
                329.41,
                344.2785,
                367.7891,
                411.1165,
                416.02,
                443.9606,
                444.01,
                488.6792,
                503.467,
                563.986,
                566.438,
                586.2648,
                656.489,
                674.64,
                678.623,
                688.67,
                719.346,
                764.88,
                778.9045,
                810.451,
                841.574,
                867.38,
                919.337,
                926.31,
                963.367,
                964.057,
                1005.27,
                1085.837,
                1089.737,
                1109.18,
                1112.076,
                1212.948,
                1249.94,
                1292.78,
                1299.142,
                1408.013,
                1457.643,
                1528.1
            ],
            "unc_channel": [
                0.00535017334311451,
                0.004593131180000093,
                0.15756080056587476,
                0.1414484893941355,
                0.023471277173326123,
                0.08182183515989115,
                0.08765328978044232,
                0.00281065637895454,
                0.04603508622434915,
                0.009031809130676782,
                0.1325533893865316,
                0.21334460692815146,
                0.01552764660617761,
                0.040927702368996545,
                0.08214121202665742,
                0.04746616578035388,
                0.147237008477029,
                0.08991401304678691,
                0.17904683343682165,
                0.08895343566520404,
                0.0532294600659338,
                0.03093919827895389,
                0.08137029706367843,
                0.13430777738794092,
                0.0079957419158507,
                0.08075755842376954,
                0.2041138403020444,
                0.014611951847644921,
                0.08307323707420358,
                0.11888449669734624,
                3.98461996394996,
                0.06980546520586522,
                0.06253506489509171,
                0.01302741261638544,
                0.037766473649396906,
                0.2908319651281756,
                0.011741803127249059,
                0.03729551285998747,
                0.13700058531780163,
                0.22951590661736154,
                0.031162663066690705,
                0.02166835307960323,
                0.5500978775157306,
                0.1446971578460259
            ],
            "fit": [
                0.2869440448558773,
                0.18264265530471044,
                3.5114918390101805e-08
            ],
            "unc": [
                [
                    0.002278017372296389,
                    -1.618797324685508e-06,
                    2.063277067825754e-10
                ],
                [
                    -1.6187973246855098e-06,
                    1.2800155641619197e-09,
                    -1.7123382075996745e-13
                ],
                [
                    2.0632770678257578e-10,
                    -1.7123382075996748e-13,
                    2.4433994715132206e-17
                ]
            ]
        },
        "rescal": {
            "channel": [
                664.4574386895918,
                1338.6072637913373,
                1376.1301159708994,
                1482.241941753651,
                1618.309413556511,
                1775.3471048584936,
                1800.8909188108328,
                1882.7112287129942,
                2248.1386707082074,
                2275.4329037604025,
                2427.7795456247745,
                2672.6475690926045,
                2753.66172967781,
                3084.055989612884,
                3097.4043042700027,
                3205.9156169098064,
                3590.3394442363597,
                3711.203175304992,
                3765.9653000476446,
                3933.659023383688,
                4182.835330626012,
                4259.439550167944,
                4431.786228116256,
                4602.08038645586,
                4742.980473716332,
                5027.283296437713,
                5064.723509098273,
                5271.379057450861,
                5936.480771182208,
                5957.848623752577,
                6065.635399999999,
                6079.901530720715,
                6630.962826161946,
                6833.723195198227,
                7067.812774990973,
                7102.26422164864,
                7697.4594250576765,
                7970.777799999999
            ],